,names,label
0,10002.jpg,0
1,10013.jpg,8
2,10015.jpg,9
3,10018.jpg,8
4,10019.jpg,2
5,10022.jpg,2
6,10030.jpg,8
7,10031.jpg,3
8,10034.jpg,2
9,10040.jpg,2
10,10045.jpg,2
11,10046.jpg,2
12,10051.jpg,2
13,10060.jpg,2
14,10062.jpg,2
15,10064.jpg,2
16,10068.jpg,2
17,10074.jpg,5
18,10075.jpg,2
19,10077.jpg,2
20,10080.jpg,0
21,10081.jpg,2
22,10090.jpg,4
23,10101.jpg,4
24,10102.jpg,3
25,10108.jpg,1
26,10113.jpg,3
27,10118.jpg,3
28,10119.jpg,7
29,10120.jpg,3
30,10125.jpg,3
31,10127.jpg,3
32,10130.jpg,3
33,10145.jpg,0
34,10151.jpg,3
35,10153.jpg,0
36,10156.jpg,3
37,10166.jpg,6
38,10168.jpg,3
39,10173.jpg,6
40,10177.jpg,6
41,10180.jpg,9
42,10184.jpg,3
43,10191.jpg,3
44,10192.jpg,3
45,10196.jpg,3
46,10204.jpg,9
47,10205.jpg,3
48,10219.jpg,4
49,10220.jpg,9
50,10229.jpg,3
51,10231.jpg,1
52,10241.jpg,3
53,10245.jpg,4
54,10254.jpg,3
55,10269.jpg,3
56,10272.jpg,4
57,10281.jpg,6
58,10286.jpg,4
59,10287.jpg,4
60,10291.jpg,9
61,10295.jpg,4
62,10298.jpg,4
63,10299.jpg,4
64,10300.jpg,4
65,10311.jpg,4
66,10316.jpg,4
67,10317.jpg,4
68,10318.jpg,1
69,10319.jpg,4
70,10321.jpg,4
71,10328.jpg,4
72,10334.jpg,4
73,10341.jpg,4
74,10343.jpg,4
75,10348.jpg,4
76,10350.jpg,4
77,10355.jpg,4
78,10362.jpg,4
79,10375.jpg,3
80,10376.jpg,5
81,10379.jpg,5
82,10381.jpg,5
83,10383.jpg,8
84,10388.jpg,5
85,10389.jpg,1
86,10392.jpg,1
87,10396.jpg,5
88,10397.jpg,5
89,10399.jpg,1
90,10400.jpg,5
91,10403.jpg,5
92,10404.jpg,5
93,10412.jpg,5
94,10425.jpg,5
95,10426.jpg,5
96,10457.jpg,5
97,10458.jpg,5
98,10480.jpg,5
99,10489.jpg,5
100,10491.jpg,5
101,10495.jpg,5
102,10502.jpg,5
103,10503.jpg,5
104,10504.jpg,5
105,10506.jpg,1
106,10508.jpg,5
107,10511.jpg,8
108,10512.jpg,9
109,10513.jpg,6
110,10519.jpg,6
111,10523.jpg,6
112,10528.jpg,1
113,10542.jpg,8
114,10546.jpg,0
115,10554.jpg,9
116,10559.jpg,4
117,10560.jpg,6
118,10562.jpg,0
119,10568.jpg,6
120,10576.jpg,0
121,10581.jpg,9
122,10587.jpg,9
123,10589.jpg,9
124,10591.jpg,6
125,10592.jpg,3
126,10593.jpg,1
127,10610.jpg,3
128,10612.jpg,5
129,10613.jpg,9
130,10615.jpg,1
131,10619.jpg,6
132,10621.jpg,2
133,10630.jpg,0
134,10633.jpg,6
135,10639.jpg,9
136,10645.jpg,7
137,10656.jpg,3
138,10659.jpg,7
139,10662.jpg,7
140,10668.jpg,0
141,10670.jpg,8
142,10671.jpg,6
143,10672.jpg,7
144,10677.jpg,8
145,10689.jpg,8
146,10692.jpg,0
147,10697.jpg,0
148,10702.jpg,8
149,10709.jpg,9
150,10710.jpg,8
151,10713.jpg,8
152,10720.jpg,2
153,10727.jpg,8
154,10729.jpg,7
155,10731.jpg,8
156,10742.jpg,8
157,10750.jpg,8
158,10751.jpg,9
159,10754.jpg,9
160,10763.jpg,8
161,10767.jpg,8
162,10768.jpg,8
163,10773.jpg,8
164,10775.jpg,8
165,10781.jpg,8
166,10791.jpg,9
167,10799.jpg,0
168,10808.jpg,8
169,10810.jpg,8
170,10814.jpg,8
171,10817.jpg,0
172,10832.jpg,0
173,10838.jpg,8
174,10841.jpg,8
175,10842.jpg,8
176,10843.jpg,7
177,10844.jpg,0
178,10848.jpg,6
179,10857.jpg,9
180,10870.jpg,2
181,10876.jpg,0
182,10877.jpg,9
183,10878.jpg,6
184,10887.jpg,3
185,10893.jpg,9
186,10895.jpg,6
187,10905.jpg,6
188,10906.jpg,7
189,10915.jpg,9
190,10918.jpg,0
191,10931.jpg,6
192,10933.jpg,8
193,10936.jpg,6
194,10937.jpg,9
195,10939.jpg,9
196,10953.jpg,6
197,10957.jpg,9
198,10959.jpg,2
199,10962.jpg,9
200,13913.jpg,0
201,13914.jpg,0
202,13920.jpg,1
203,13926.jpg,2
204,13930.jpg,3
205,13932.jpg,3
206,13933.jpg,4
207,13935.jpg,4
208,13939.jpg,0
209,13955.jpg,2
210,13956.jpg,8
211,13961.jpg,9
212,13962.jpg,7
213,14451.jpg,8
214,14457.jpg,9
215,14461.jpg,6
216,9641.jpg,9
217,9648.jpg,0
218,9654.jpg,0
219,9660.jpg,0
220,9661.jpg,5
221,9662.jpg,2
222,9668.jpg,0
223,9669.jpg,0
224,9672.jpg,8
225,9673.jpg,0
226,9674.jpg,0
227,9676.jpg,0
228,9683.jpg,0
229,9685.jpg,0
230,9696.jpg,0
231,9698.jpg,0
232,9700.jpg,0
233,9716.jpg,2
234,9717.jpg,0
235,9718.jpg,0
236,9739.jpg,0
237,9749.jpg,0
238,9751.jpg,0
239,9757.jpg,0
240,9769.jpg,3
241,9772.jpg,0
242,9777.jpg,0
243,9778.jpg,9
244,9782.jpg,1
245,9784.jpg,3
246,9785.jpg,4
247,9787.jpg,1
248,9790.jpg,1
249,9791.jpg,1
250,9792.jpg,4
251,9793.jpg,1
252,9796.jpg,1
253,9798.jpg,1
254,9807.jpg,1
255,9814.jpg,1
256,9817.jpg,3
257,9822.jpg,8
258,9826.jpg,3
259,9835.jpg,1
260,9840.jpg,1
261,9844.jpg,1
262,9845.jpg,1
263,9850.jpg,1
264,9864.jpg,1
265,9867.jpg,3
266,9873.jpg,1
267,9877.jpg,1
268,9879.jpg,1
269,9885.jpg,1
270,9888.jpg,1
271,9892.jpg,1
272,9895.jpg,1
273,9896.jpg,1
274,9898.jpg,1
275,9908.jpg,1
276,9916.jpg,3
277,9924.jpg,1
278,9945.jpg,3
279,9955.jpg,2
280,9958.jpg,0
281,9962.jpg,2
282,9969.jpg,2
283,9974.jpg,8
284,9975.jpg,2
285,9983.jpg,9
286,9990.jpg,2
